{
  "r2": 0.08017555598548654,
  "mae": 0.38009161610481634,
  "rmse": 0.4383241959867384
}