{
  "r2": -1.0911793282004796,
  "mae": 0.25594873704714516,
  "rmse": 0.298469829934854
}