{
  "r2": NaN,
  "mae": 2.545342951912936,
  "rmse": 2.545342951912936
}