{
  "r2": 0.08017555598548709,
  "mae": 0.38009161610481645,
  "rmse": 0.4383241959867383
}