{
  "r2": 0.08017555598548731,
  "mae": 0.38009161610481634,
  "rmse": 0.43832419598673816
}