{
  "r2": NaN,
  "mae": 160.54965333333394,
  "rmse": 160.54965333333394
}